{"cameraMode":{"drawMode":0,"name":"Shaded","section":"Shading Mode"},"sceneLighting":true,"audioPlay":false,"sceneViewState":{"m_AlwaysRefresh":false,"showFog":true,"showSkybox":true,"showFlares":true,"showImageEffects":true,"showParticleSystems":true,"showVisualEffectGraphs":true,"m_FxEnabled":true},"in2DMode":false,"pivot":{"x":-7.034572601318359,"y":10.266536712646485,"z":6.9563140869140629},"rotation":{"x":0.41823166608810427,"y":0.3379185199737549,"z":-0.17118819057941438,"w":0.8256020545959473},"size":1.4630334377288819,"orthographic":false}